{"train acc 1": 0.7315755208333333, "train acc 2": 0.6759982638888888, "train epoch": 19, "l1m1": 0.7324936754173703, "l2m1": 3.11956332259708, "l1m2": 0.9018297771612803, "l2m2": 3.231558156013489, "_timestamp": 1650947289, "_runtime": 531, "_step": 39, "val epoch": 19, "val acc 1": 0.5832248263888888, "val acc 2": 0.5659722222222222, "_wandb": {"runtime": 530}}