{"acc 1": 0.3092447916666667, "acc 2": 0.3718532986111111, "train-val epoch": 5, "l1m1": 1.780073881149292, "l2m1": 2.784135580062866, "l1m2": 1.476113200187683, "l2m2": 2.621490478515625, "_timestamp": 1650946022, "_runtime": 243, "_step": 125, "_wandb": {"runtime": 253}}