{"acc 1": 0.4609375, "acc 2": 0.5246310763888888, "val epoch": 19, "l1m1": 1.0989559888839722, "l2m1": 2.379565715789795, "l1m2": 1.0078281164169312, "l2m2": 2.3698959350585938, "train epoch": 19, "_timestamp": 1650945045, "_runtime": 444, "_step": 359}