{"train acc 1": 0.5847005208333333, "train acc 2": 0.6042534722222223, "train epoch": 17, "_timestamp": 1650946727, "_runtime": 316, "_step": 35, "val epoch": 17, "val acc 1": 0.4710286458333333, "val acc 2": 0.5048828125, "l1m1": 1.0360381907886929, "l2m1": 2.3447013510598076, "l1m2": 1.1019352641370561, "l2m2": 2.4177124791675144, "_wandb": {"runtime": 341}}