{"train acc 1": 0.7551649305555556, "train acc 2": 0.6805772569444445, "train epoch": 19, "l1m1": 0.6766421894232432, "l2m1": 4.6859897454579675, "l1m2": 0.8875511043601566, "l2m2": 4.203232653935751, "_timestamp": 1650948741, "_runtime": 419, "_step": 39, "val epoch": 19, "val acc 1": 0.6115451388888888, "val acc 2": 0.5726996527777778}