{"train acc 1": 0.7768229166666667, "train acc 2": 0.7365234375, "train epoch": 19, "l1m1": 0.6177980469332801, "l2m1": 4.800857321421305, "l1m2": 0.7286405073271858, "l2m2": 4.019108663664924, "_timestamp": 1650948135, "_runtime": 376, "_step": 39, "val epoch": 19, "val acc 1": 0.5728081597222222, "val acc 2": 0.5986328125, "_wandb": {"runtime": 558}}