{"acc 1": 0.2004123263888889, "acc 2": 0.2794053819444444, "val epoch": 3, "l1m1": 2.1449031829833984, "l2m1": 2.9299869537353516, "l1m2": 1.711814284324646, "l2m2": 2.70798659324646, "train epoch": 3, "_timestamp": 1650944349, "_runtime": 101, "_step": 71, "_wandb": {"runtime": 234}}